- name: Lander lab @ Scripps Research
  url: http://www.lander-lab.com/

- name: Bollong lab @ Scripps Research
  url: https://www.bollong.scripps.edu/

- name: Kelly lab @ Scripps Research
  url: https://www.scripps.edu/kelly/

- name: Saez lab @ Scripps Research
  url: https://www.scripps.edu/saez/lab_members.html

- name: Grotjahn lab @ Scripps Research
  url: https://grotjahnlab.org/

- name: Balch lab @ Scripps Research
  url: https://www.scripps.edu/balch/

- name: Wolan lab @ Scripps Research
  url: https://www.scripps.edu/wolan/

- name: Molecular Screening Center @ Scripps Research-FL
  url: https://hts.florida.scripps.edu/

- name: Glembotski lab @ SDSU
  url: http://www.bio.sdsu.edu/Pub/glembotski/

- name: Lin lab @ UCSD
  url: https://medschool.ucsd.edu/som/pathology/research/labs/lin/Pages/default.aspx

- name: Murphy lab @ Boston University
  url: http://murphylaboratory.com/

- name: Haynes lab @ UMass Med School
  url: https://www.umassmed.edu/mccb/hayneslab/

- name: Gestwicki lab @ UCSF
  url: https://gestwickilab.ucsf.edu/

- name: Hetz lab @ U. Chile
  url: http://www.hetzlab.cl/
